# name	Wikimedia Commons file	download url（均为公有领域）
fuxi_nuwa.jpg	File:Anonymous-Fuxi and Nüwa.jpg	https://upload.wikimedia.org/wikipedia/commons/4/4a/Anonymous-Fuxi_and_N%C3%BCwa.jpg
flammarion.jpg	File:Flammarion.jpg	https://upload.wikimedia.org/wikipedia/commons/8/87/Flammarion.jpg
cellarius_ptolemy.jpg	File:Cellarius Harmonia Macrocosmica - Scenographia Systematis mundani Ptolemaici.jpg	https://upload.wikimedia.org/wikipedia/commons/0/0d/Cellarius_Harmonia_Macrocosmica_-_Scenographia_Systematis_mundani_Ptolemaici.jpg
cellarius_copernicus.jpg	File:Cellarius Harmonia Macrocosmica - Scenographia Systematis Copernicani.jpg	https://upload.wikimedia.org/wikipedia/commons/2/2c/Cellarius_Harmonia_Macrocosmica_-_Scenographia_Systematis_Copernicani.jpg
chain_of_being.jpg	File:The Great Chain of Being (1579).jpg	https://upload.wikimedia.org/wikipedia/commons/b/b7/The_Great_Chain_of_Being_%281579%29.jpg
darwin_tree.png	File:Darwin Tree 1837.png	https://upload.wikimedia.org/wikipedia/commons/1/10/Darwin_Tree_1837.png
huxley.jpg	File:Huxley - Mans Place in Nature.jpg	https://upload.wikimedia.org/wikipedia/commons/9/91/Huxley_-_Mans_Place_in_Nature.jpg
vitruvian.jpg	File:Da Vinci Vitruve Luc Viatour.jpg	https://upload.wikimedia.org/wikipedia/commons/2/22/Da_Vinci_Vitruve_Luc_Viatour.jpg
creation_adam.jpg	File:Michelangelo - Creation of Adam (cropped).jpg	https://upload.wikimedia.org/wikipedia/commons/5/5b/Michelangelo_-_Creation_of_Adam_%28cropped%29.jpg
descartes.gif	File:Descartes mind and body.gif	https://upload.wikimedia.org/wikipedia/commons/3/35/Descartes_mind_and_body.gif
purkinje.jpg	File:PurkinjeCell.jpg	https://upload.wikimedia.org/wikipedia/commons/1/15/PurkinjeCell.jpg
pale_blue_dot.png	File:Pale Blue Dot from Voyager 1 - PIA23645.png	https://thumb.wikimedia.org/wikipedia/commons/thumb/a/a6/Pale_Blue_Dot_from_Voyager_1_-_PIA23645.png/3840px-Pale_Blue_Dot_from_Voyager_1_-_PIA23645.png
geb_nut_shu.jpg	File:Geb, Nut, Shu.jpg	https://upload.wikimedia.org/wikipedia/commons/0/0b/Geb%2C_Nut%2C_Shu.jpg
